タイトル,観測月数,売上合計,売上中央値,最大月売上,最終売上月,サービス終了日
12オーディンズ - 王道RPG,4,19760000,2605000.0,12850000,2018-04,2018/10/31
22/7 音楽の時間,16,533910000,26295000.0,102000000,2021-08,2021/12/22
23/7 トゥエンティ スリー セブン,3,45400000,5280000.0,36480000,2018-08,2018/12/27
404 GAME RE：SET -エラーゲームリセット-,8,335130000,42960000.0,84530000,2023-11,2024/01/05
8 beat Story ~アイドル×音楽ゲーム~,12,13570000,570000.0,4620000,2024-05,2024/06/30
A.I.M.$,11,167070000,8210000.0,48450000,2021-10,2021/11/16
AKB48 WORLD,19,244440000,12310000.0,30540000,2023-11,2023/12/19
AKB48ステージファイター2 バトルフェスティバル,51,1238550000,20760000.0,74440000,2022-04,2022/07/29
AKB48ダイスキャラバン,6,57660000,5060000.0,28030000,2018-10,2019/05/07
Alice Closet,35,1074300000,24390000.0,100000000,2022-07,2022/08/31
Apex Legends Mobile,10,1646090000,166000000.0,283000000,2023-02,2023/05/02
ArkResona -アークレゾナ-,4,132330000,21450000.0,87650000,2019-11,2020/01/31
BFBチャンピオンズ2.0,30,177390000,2280000.0,30150000,2021-02,2021/06/01
BLACK STELLA PTOLOMEA,1,6220000,6220000.0,6220000,2024-04,2024/10/03
BLAZBLUE ALTERNATIVE DARKWAR,10,148420000,10885000.0,34260000,2021-11,2022/01/31
BLUE REFLECTION SUN/燦,14,916920000,59795000.0,146000000,2024-03,2024/05/30
BRAVELY DEFAULT FAIRY'S EFFECT,30,1757940000,44130000.0,149000000,2020-06,2020/08/31
CODE：SEED -星火ノ唄-,6,53500000,3790000.0,29740000,2020-05,2020/11/02
CUE! -See You Everyday-,19,447880000,22380000.0,66830000,2021-04,2021/04/30
DAME×PRINCE -ダメ王子たちとのドタバタ恋愛ADV,14,119620000,5710000.0,36290000,2019-06,2019/06/28
D_CIDE TRAUMEREI ディーサイドトロイメライ,12,198430000,6070000.0,86900000,2022-09,2022/10/28
DarkAvenger X - ダークアベンジャー クロス,10,508240000,26075000.0,158000000,2019-11,2020/01/30
EXTASY VISUAL SHOCK,5,92670000,13060000.0,36960000,2022-08,2022/10/31
EXtreme LIVES,10,630880000,66005000.0,114000000,2022-12,2023/02/28
Exos Heroes,35,1638410000,19470000.0,306000000,2023-03,2023/05/11
FAITH - フェイス,18,1640560000,52800000.0,338000000,2020-04,2020/06/08
FFVII THE FIRST SOLDIER,12,371560000,30955000.0,58320000,2022-10,2023/01/11
FINAL FANTASY GRANDMASTERS,14,476300000,34010000.0,58230000,2019-02,2019/04/25
GGGGG　協力・対戦アクションゲーム,3,33030000,9220000.0,22530000,2023-06,2023/11/30
GOD EATER RESONANT OPS,27,757370000,14100000.0,217000000,2020-07,2020/09/24
HIDE AND FIRE,14,708240000,48845000.0,118000000,2019-02,2019/06/25
HIT - ヒット,13,1057370000,64810000.0,193000000,2019-01,2019/05/30
HUNTER×HUNTER アリーナバトル,36,1001700000,23450000.0,128000000,2023-01,2023/03/31
HiGH＆LOW THE GAME,21,446120000,18520000.0,114000000,2021-06,2021/10/31
HoneyWorks Premium Live,28,1195740000,30960000.0,125000000,2023-02,2023/03/31
IS＜インフィニット・ストラトス＞アーキタイプ・ブレイカー,7,168970000,17100000.0,77160000,2018-07,2018/08/27
KING OF PRISM プリズムラッシュ！LIVE,30,450440000,11225000.0,56250000,2020-07,2020/10/29
KOFクロニクル,6,13870000,2700000.0,4380000,2020-04,2020/10/15
LINE ブラウンストーリーズ,25,36800000,1360000.0,3790000,2022-04,2022/05/31
LINE 超大富豪,7,16280000,1310000.0,8840000,2022-03,2022/05/31
LINE：ディズニー トイカンパニー,6,11330000,300000.0,10150000,2019-11,2019/12/04
LINE：ドラえもんパーク,27,714200000,23790000.0,51870000,2021-11,2021/12/13
LINE：ピクサー タワー ～おかいものパズル～,25,741080000,23830000.0,84180000,2021-08,2021/09/28
MARVEL Super War,21,51950000,1070000.0,15390000,2024-04,2024/06/27
MU：奇蹟の覚醒,35,573430000,14060000.0,45710000,2022-04,2022/06/20
NARUTO X BORUTO 忍者BORUTAGE,82,4593150000,42065000.0,188000000,2024-10,2024/12/09
NARUTO X BORUTO 忍者TRIBES,20,1179620000,56390000.0,125000000,2021-10,2021/12/16
NARUTO-ナルト- 疾風伝　ナルティメットブレイジング,25,176020000,3570000.0,30570000,2020-11,2021/02/09
NieR Recarnation,36,5715550000,87955000.0,1119000000,2024-01,2024/04/30
ONE PIECE サウザンドストーム,71,24420920000,334000000.0,821000000,2023-11,2024/01/23
ONE PIECE ボン！ボン！ジャーニー!!,24,867890000,26270000.0,87270000,2022-02,2022/04/06
OVERHIT -オーバーヒット-,32,3383700000,65935000.0,631000000,2020-12,2021/02/25
Pancy-恋活・婚活マッチングアプリ,8,196800000,24910000.0,39820000,2018-09,2019/03/31
PaniPani -パラレルニクスパンドラナイト-,3,23440000,4830000.0,15440000,2018-04,2018/11/28
Project NOAH - プロジェクト・ノア -,11,56250000,2100000.0,36460000,2020-07,2020/08/31
RANBU 三国志乱舞,5,47970000,7790000.0,16080000,2021-03,2021/07/14
Readyyy!,3,55670000,19270000.0,30350000,2019-04,2019/06/28
Re：ゼロから始める異世界生活 リゼロス,31,6031030000,151000000.0,728000000,2023-03,2023/05/12
SHAMAN KING ふんばりクロニクル,18,1875020000,86530000.0,237000000,2023-05,2023/07/12
SHOW BY ROCK!! Fes A Live,31,1721530000,56470000.0,97510000,2022-09,2022/11/30
SINoALICE ーシノアリスー,70,29304370000,320500000.0,1998000000,2023-10,2024/01/15
STAR OCEAN -anamnesis-,40,4692050000,84225000.0,354000000,2021-04,2021/06/24
StarHorsePocket+,75,4340890000,51090000.0,161000000,2024-03,2024/05/31
TERA ORIGIN,7,330330000,37170000.0,158000000,2020-04,2021/01/28
THE KING OF FIGHTERS ALLSTAR,72,6084750000,61950000.0,529000000,2024-06,2024/10/31
THE KING OF FIGHTERS for GIRLS,17,353910000,21560000.0,69020000,2021-03,2021/03/31
THE NEW GATE,5,820000,60000.0,450000,2020-04,2021/01/27
TRAHA,34,3135720000,84115000.0,254000000,2023-01,2023/04/20
TRINITY MASTER - トリマス -,1,6200000,6200000.0,6200000,2018-03,2018/09/27
V4,30,2228870000,66555000.0,235000000,2023-02,2023/04/26
VALKYRIE ANATOMIA,38,2504050000,50140000.0,156000000,2021-02,2021/04/27
Witch's Weapon-魔女兵器-,12,346300000,9680000.0,175000000,2020-07,2020/08/27
revisions next stage,1,8270000,8270000.0,8270000,2019-11,2020/08/12
sin 七つの大罪 X-TASY,26,628300000,12575000.0,166000000,2023-07,2023/09/27
takt op. 運命は真紅き旋律の街を,8,662690000,34100000.0,357000000,2024-01,2024/04/09
〈物語〉シリーズ ぷくぷく,19,1303830000,58290000.0,193000000,2020-02,2020/03/31
うたのプリンスさまっ Shining Live,70,12203300000,156500000.0,428000000,2023-10,2023/12/26
おそ松さん よくばり！ニートアイランド,3,56310000,21180000.0,30830000,2018-04,2018/06/18
おねがい、俺を現実に戻さないで！ シンフォニアステージ,1,850000,850000.0,850000,2020-12,2021/06/30
かくりよの門-朧-,8,6650000,220000.0,5010000,2020-06,2020/09/30
かみながしじま 〜輪廻の巫女〜,5,45200000,4090000.0,20910000,2023-10,2024/02/15
からかい上手の高木さん キュンキュンレコーズ,9,75340000,6030000.0,22060000,2023-02,2023/03/29
かんぱにガールズ ファンタジーRPG,32,247120000,2350000.0,48510000,2021-05,2021/07/12
きららファンタジア,59,4617440000,64900000.0,233000000,2022-11,2023/02/28
この素晴らしい世界に祝福を！ファンタスティックデイズ,58,7824800000,103000000.0,859000000,2024-11,2025/01/30
でみめん,9,75500000,4060000.0,39620000,2019-10,2019/12/12
とある魔術の禁書目録 幻想収束,63,7642000000,96300000.0,470000000,2024-09,2024/12/02
ときめきアイドル,5,88090000,22840000.0,31580000,2018-07,2019/01/15
どうぶつの森 ポケットキャンプ,84,18961330000,238000000.0,462000000,2024-12,2024/11/29
なむあみだ仏っ！-蓮台 UTENA-,13,135910000,4030000.0,41580000,2020-05,2020/08/31
にゅ～パズ松さん 新品卒業計画,2,8690000,4345000.0,7100000,2018-06,2019/01/28
にょろっこオンラインゲーム,1,850000,850000.0,850000,2021-06,2021/12/04
のぶニャがの野望 ニャぷり！,2,190000,95000.0,150000,2020-02,2020/05/11
ぱすてるメモリーズ～3DバトルRPG×美少女ゲー,3,8710000,1920000.0,5080000,2019-05,2019/08/06
ひぐらしのなく頃に 命,53,2043380000,34050000.0,101000000,2025-01,2025/02/27
ぷちぐるラブライブ！,12,336120000,18850000.0,105000000,2019-03,2019/05/31
ゆる～いゲゲゲの鬼太郎 妖怪ドタバタ大戦争,49,698220000,11700000.0,39950000,2022-12,2023/01/16
ららマジ,21,242860000,4680000.0,46040000,2020-03,2020/06/03
アイコイノート,13,28360000,1110000.0,14710000,2022-01,2022/04/30
アイチュウ ÉtoileStage,9,83500000,7980000.0,27170000,2021-05,2021/06/30
アイドルマスター SideM GROWING STARS,20,2838130000,146000000.0,282000000,2023-07,2023/07/31
アイドルマスター ポップリンクス,16,941060000,50900000.0,148000000,2022-04,2022/07/21
アカツキランド,26,215400000,7570000.0,21900000,2021-08,2021/12/30
アクション対魔忍,17,383950000,16360000.0,66100000,2021-04,2021/07/27
アスタータタリクス,12,1096680000,69210000.0,252000000,2024-07,2024/09/30
アストラル・ミラージュ -幻城の姫君-,3,14850000,5370000.0,8910000,2023-03,2023/12/20
アニマエ・アルケー,5,53600000,6510000.0,29920000,2021-10,2022/07/27
アニマル フロンティア,9,47140000,3910000.0,17230000,2021-01,2021/10/29
アルゴナビス -キミが見たステージへ-,8,134760000,16090000.0,22070000,2024-09,2024/11/30
アルゴナビス from BanG Dream! AAside,12,681870000,58455000.0,83640000,2021-12,2022/01/31
アルテイルNEO,9,87100000,2350000.0,50430000,2019-10,2019/11/29
アンノウンブライド,11,46830000,2280000.0,14880000,2021-06,2021/10/28
アークオーダー,5,48240000,8490000.0,25330000,2020-02,2020/10/27
アークザラッド R,33,2544700000,32320000.0,392000000,2021-04,2021/06/30
アーテリーギア-機動戦姫-,33,1057030000,14360000.0,180000000,2024-07,2024/11/12
イドラ ファンタシースターサーガ,37,2673600000,59560000.0,228000000,2021-11,2022/01/12
ウインドボーイズ！,29,973630000,28070000.0,83090000,2024-04,2024/05/30
ウルトラ怪獣バトルブリーダーズ,27,624880000,21120000.0,42300000,2021-03,2021/05/26
エクリプスサーガ,9,83560000,4440000.0,43570000,2022-04,2022/05/30
エコーズ オブ パンドラ,2,4680000,2340000.0,3430000,2020-06,2021/03/31
エターナルツリー,11,355110000,15790000.0,143000000,2023-04,2023/06/29
エターナルリンケージ -蒼穹のアムネシア-,12,436780000,14705000.0,138000000,2018-12,2019/04/30
エレメンタルストーリーワールド,11,212640000,16770000.0,35660000,2024-11,2025/01/31
エンゲージ・キル,10,524260000,41425000.0,168000000,2023-12,2024/03/21
オルタナティブガールズ,43,3885820000,80990000.0,204000000,2021-07,2021/10/31
オルタンシア・サーガR,17,185640000,4950000.0,54810000,2022-08,2022/11/30
オンエア！,26,974990000,30965000.0,153000000,2020-09,2020/10/30
オーディナル ストラータ,9,583120000,43410000.0,187000000,2018-09,2019/03/11
カラーピーソウト,15,29530000,1030000.0,7000000,2022-04,2023/01/31
カードキャプターさくら ハピネスメモリーズ,4,14990000,555000.0,13620000,2020-01,2020/06/30
ガンダムブレイカーモバイル,46,5917660000,116500000.0,496000000,2023-05,2023/06/05
ガンビット,18,495790000,26775000.0,60320000,2020-10,2020/12/21
ガールズシンフォニー：Ec 〜新世界少女組曲〜,5,10680000,1530000.0,6010000,2021-06,2021/07/29
ガール・カフェ・ガン！,12,36120000,3160000.0,5330000,2021-06,2021/08/31
キックフライト,12,306190000,19615000.0,96800000,2021-01,2021/03/22
キュービックスターズ ギリギリ直感シューティングゲーム,4,90170000,19035000.0,51080000,2024-02,2024/05/27
キングダム セブンフラッグス,61,10194720000,156000000.0,328000000,2023-01,2023/02/27
キングダムDASH!!,27,664390000,24020000.0,58830000,2023-06,2023/09/07
クックと魔法のレシピ おかわり,2,80000,40000.0,40000,2019-09,2019/12/25
クロノマギア,5,45650000,170000.0,37680000,2020-06,2020/11/30
クローズ×WORST - XROSS OVER -,23,557250000,24920000.0,37260000,2024-05,2024/07/30
クローバーシアター,5,89450000,10130000.0,54500000,2022-12,2023/06/07
グラフィティスマッシュ,41,2084670000,44480000.0,182000000,2021-05,2021/07/30
グリザイア クロノスリベリオン,8,202620000,22160000.0,84360000,2021-06,2021/08/31
グリムエコーズ,28,1538310000,40810000.0,288000000,2021-06,2021/08/31
グリムノーツ,26,2060900000,76875000.0,188000000,2020-02,2020/06/17
ケンガン ULTIMATE BATTLE,16,35290000,1320000.0,12230000,2020-12,2021/04/26
ゲシュタルト・オーディン,9,309380000,18960000.0,104000000,2019-07,2019/09/26
ゲートオブナイトメア,11,289600000,12500000.0,126000000,2022-08,2022/11/30
コードギアス Genesic Re;CODE,16,1189300000,49875000.0,347000000,2023-01,2023/04/27
ゴールドラッシュバトラー,4,27040000,6915000.0,12020000,2023-11,2024/03/26
サクラ革命 ～華咲く乙女たち～,4,174180000,40845000.0,73700000,2021-03,2021/06/30
サファイア・スフィア〜蒼き境界〜,15,832780000,17310000.0,192000000,2019-10,2020/01/16
サーヴァント オブ スローンズ,10,557130000,42635000.0,144000000,2018-12,2019/04/25
シティダンク,32,1020890000,13095000.0,140000000,2021-11,2021/12/21
シドニアの騎士 掌位ノ絆,4,13050000,1865000.0,8850000,2021-12,2022/06/28
シンエンレジスト,3,20100000,3780000.0,14430000,2018-09,2019/04/26
シン・クロニクル,13,798710000,53310000.0,183000000,2023-03,2023/05/31
ジャンプチ ヒーローズ,71,17360900000,250000000.0,451000000,2024-02,2024/03/27
ジョジョのピタパタポップ,33,1199440000,30570000.0,123000000,2021-06,2021/09/02
ジョジョの奇妙な冒険 ダイヤモンドレコーズ,20,578370000,21365000.0,79800000,2019-09,2019/11/18
スタースマッシュ,8,159210000,12350000.0,67420000,2021-10,2021/12/07
ステラクロニクル,12,377560000,4300000.0,171000000,2022-03,2022/04/29
スヌーピー パズルジャーニー,29,366740000,10640000.0,23600000,2022-07,2022/07/31
スヌーピー ライフ,53,2413760000,25890000.0,150000000,2022-06,2022/08/29
スマッシュ＆マジック,8,372710000,46520000.0,97780000,2018-08,2018/10/31
スーパーガンダムロワイヤル,42,7473310000,179000000.0,403000000,2021-06,2021/07/29
スーパーロボット大戦X-Ω,37,4662860000,128000000.0,248000000,2021-01,2021/03/30
スーパー戦隊レジェンドウォーズ,24,164960000,5515000.0,21190000,2020-06,2020/08/31
セブンズストーリー,42,222710000,4080000.0,17350000,2022-09,2022/12/27
ゼノンザード,16,480560000,23040000.0,110000000,2020-12,2021/02/18
ソウルリバース ゼロ,12,179140000,10545000.0,38230000,2019-03,2019/05/31
ソードアート・オンライン アリシゼーション・ブレイディング,37,4749240000,103000000.0,376000000,2022-11,2023/01/16
ソードアート・オンライン メモリー・デフラグ,42,6295630000,166500000.0,291000000,2021-06,2021/08/30
タップハンター～剣と魔法の放置RPG～,3,38220000,12160000.0,23840000,2024-04,2024/11/05
タワーオブスカイ,8,259880000,15565000.0,167000000,2023-12,2024/03/26
ダチメン伝説G　転生ヤンキーギルドバトルRPG,3,20290000,9450000.0,9610000,2023-07,2023/08/28
ダンまち〜メモリア・フレーゼ〜,76,9757850000,126000000.0,298000000,2024-04,2024/06/24
"ダンキラ!!! - Boys, be DANCING! -",13,419750000,35600000.0,52520000,2020-05,2020/08/05
ツムツムスタジアム,23,956190000,39080000.0,146000000,2022-07,2022/09/30
テイルズ オブ クレストリア,17,2687200000,148000000.0,420000000,2021-11,2022/02/07
テイルズ オブ ザ レイズ,78,12724470000,139000000.0,435000000,2024-06,2024/07/23
テイルズ オブ ルミナリア,8,205410000,29660000.0,40660000,2022-06,2022/07/20
テイルズウィーバー ： SecondRun,9,761890000,87010000.0,152000000,2023-07,2023/09/19
テクノロイド ユニゾンハート,34,807270000,21640000.0,52440000,2024-12,2025/01/31
テラウォーズ,4,2700000,100000.0,2430000,2019-10,2019/12/24
テラクラシック,23,377900000,9480000.0,113000000,2022-12,2023/03/14
ディシディアファイナルファンタジー オペラオムニア,71,12191490000,168000000.0,349000000,2023-11,2024/02/29
ディズニー ツムツムランド,70,11641220000,148000000.0,338000000,2023-10,2024/01/31
ディズニー マイリトルドール,77,8164970000,127000000.0,195000000,2024-06,2024/09/25
ディズニー ミュージックパレード,23,2111220000,80770000.0,246000000,2022-11,2023/01/10
ディープインサニティ アサイラム,4,69650000,13535000.0,40880000,2022-01,2022/10/31
デジモンリアライズ,45,2749140000,46220000.0,359000000,2022-02,2022/04/21
デジモンリンクス,17,656200000,34680000.0,85360000,2019-05,2019/07/30
デスティニーチャイルド,67,4011180000,33530000.0,268000000,2023-07,2023/09/21
デッキヒーローズ-本格派戦略カードゲーム-,19,16320000,420000.0,3550000,2023-02,2023/11/10
デッドバイデイライト・モバイル - NetEase,34,1983660000,56930000.0,177000000,2025-01,2025/03/20
デビルブック,3,53810000,6020000.0,47060000,2019-07,2019/08/07
トリカゴ スクラップマーチ,2,1680000,840000.0,850000,2019-07,2020/03/31
トロとパズル ~どこでもいっしょ~,16,383690000,15730000.0,64540000,2021-01,2021/05/10
トワツガイ,16,1528350000,94055000.0,182000000,2024-05,2024/07/23
ドクターマリオ ワールド,25,845110000,29290000.0,87660000,2021-07,2021/11/01
ドラガリアロスト,48,7051500000,64915000.0,1545000000,2022-08,2022/11/30
ドラゴンクエスト ダイの大冒険　-魂の絆-,17,2211660000,113000000.0,367000000,2023-01,2023/04/27
ドラゴンクエストけしケシ！,30,4635060000,141500000.0,434000000,2024-05,2024/07/31
ドラゴンクエストライバルズ エース,40,5215460000,115000000.0,358000000,2021-04,2021/07/05
ドラゴンネストM,26,1777930000,48215000.0,208000000,2021-01,2021/03/31
ドラゴンプロジェクト,16,2110940000,129500000.0,198000000,2019-04,2019/06/27
ドラゴン騎士団,1,5320000,5320000.0,5320000,2018-04,2018/10/01
ドラゴン＆コロニーズ,4,14610000,880000.0,12510000,2019-11,2020/02/17
ドールズオーダー,19,1403090000,49750000.0,186000000,2019-09,2019/11/29
ネバーアフター～逆転メルヘン～,15,1162820000,46220000.0,250000000,2024-11,2025/01/20
ハイキュー!!ドンピシャマッチ!!,7,52130000,6740000.0,17490000,2018-07,2018/11/06
ハイスクール・フリート 艦隊バトルでピンチ！,10,138240000,7295000.0,59000000,2020-02,2020/03/25
ハリー・ポッター： 魔法同盟,27,254180000,3010000.0,133000000,2021-11,2022/01/31
バクレツモンスター,8,738310000,76875000.0,197000000,2019-05,2019/08/29
バンドやろうぜ！,7,268810000,41970000.0,72830000,2018-07,2019/03/29
ビッグバッドモンスターズ,5,29970000,6480000.0,12070000,2020-10,2021/03/02
ファイトリーグ,10,68390000,4355000.0,31980000,2019-12,2020/03/31
ファンタジア・リビルド,10,504040000,54455000.0,72090000,2021-09,2021/12/17
ファンタジーライフ オンライン,41,3553750000,55860000.0,490000000,2021-11,2021/12/15
フィギュアストーリー,31,2111060000,55730000.0,283000000,2024-03,2024/06/21
フィーバーダンク,14,43950000,1915000.0,10300000,2021-11,2021/12/31
フェアリーテイル 極・魔法乱舞,50,1491400000,26375000.0,73070000,2022-02,2022/04/28
フットサルボーイズ!!!!! ハイファイリーグ,6,20530000,2190000.0,10640000,2022-04,2022/07/28
フリージング エクステンション - 学園美少女RPG,5,63460000,3230000.0,47020000,2019-08,2019/10/31
ブラッククローバー 夢幻の騎士団,23,526210000,14200000.0,83710000,2020-09,2020/12/09
ブラックホライズン -Black Horizon-,21,382220000,13250000.0,55010000,2021-06,2021/10/19
ブラック・サージナイト,12,574480000,29830000.0,183000000,2022-04,2022/06/30
ブレイドエクスロード,32,3226220000,90515000.0,355000000,2022-05,2022/07/29
ブレイブ フロンティア レゾナ,5,243600000,41610000.0,81390000,2022-01,2022/04/25
ブレイブファンタジア,4,440000,90000.0,230000,2020-04,2021/01/26
ブレイブリーデフォルト ブリリアントライツ,12,768480000,46035000.0,216000000,2022-12,2023/02/28
プラオレ！～SMILE PRINCESS～,6,44490000,4810000.0,17190000,2022-09,2022/11/30
プリキュア つながるぱずるん,20,65330000,1840000.0,19830000,2020-04,2020/06/02
プレカトゥスの天秤,8,176080000,10590000.0,95970000,2019-12,2020/01/06
プロジェクト東京ドールズ,44,2773400000,51660000.0,174000000,2021-08,2021/10/29
プロ野球 ファミスタ マスターオーナーズ,11,20440000,500000.0,7080000,2020-06,2020/08/31
ホップステップジャンパーズ,9,40080000,2090000.0,21470000,2019-11,2020/01/20
ポケモンスクランブルSP,9,44610000,440000.0,21360000,2020-04,2020/07/22
ポポロクロイス物語 ～ナルシアの涙と妖精の笛,43,605110000,9640000.0,52480000,2021-11,2021/11/30
マギアレコード 魔法少女まどかマギカ外伝,78,20839520000,165000000.0,2466000000,2024-06,2024/07/31
マジカミ,36,1579550000,33970000.0,184000000,2023-06,2023/10/31
マジカルデイズ｜魔法パズル×青春ストーリー！,3,8110000,2000000.0,4440000,2018-07,2019/01/25
マナシスリフレイン,7,100540000,12780000.0,33780000,2022-04,2022/09/09
マブラヴ：ディメンションズ,18,1145590000,48085000.0,216000000,2024-12,2025/06/30
ミイラの飼い方 パズルで育てる不思議な生き物-comico-,19,174480000,8780000.0,24590000,2020-11,2021/02/28
ミステリーレコード｜協力×謎解きの脱出アドベンチャーゲーム,10,59040000,3535000.0,18970000,2023-12,2024/03/26
ミトラスフィア -MITRASPHERE-,64,6315970000,74680000.0,213000000,2023-04,2023/06/30
ミラクルマッチ,13,124760000,6130000.0,37580000,2023-06,2023/07/31
メガミヒストリア,32,629270000,8250000.0,213000000,2023-05,2023/08/14
メガミラクルフォース,20,83270000,1055000.0,25570000,2021-01,2021/05/27
メモリア  夢の旅人と双子の案内人,3,39560000,4890000.0,31810000,2022-05,2022/07/31
メリーガーランド　美少女 放置 RPG,8,12090000,915000.0,4060000,2020-10,2021/02/25
モダンコンバット Versus,9,92000000,1500000.0,51440000,2019-09,2019/12/21
モバサカ CHAMPIONS MANAGER,60,1890210000,21030000.0,130000000,2022-12,2023/02/28
モルガナティック・アイドル 乙女ゲーム・恋愛ゲーム,6,68720000,9790000.0,29270000,2024-09,2025/01/15
モンスターハンター エクスプロア,33,2524560000,73030000.0,212000000,2020-09,2020/11/27
モンスターハンター ライダーズ,26,3094960000,94565000.0,453000000,2022-03,2022/06/16
ユアマジェスティ,10,97640000,6620000.0,22840000,2023-08,2023/10/09
ユニティア神託の使徒×終焉の女神,17,227240000,6560000.0,93890000,2020-02,2020/03/31
ユージェネ,14,219440000,17320000.0,27240000,2022-06,2022/12/01
ユートピア・ゲート～双子の女神と未来へのつばさ～,13,130360000,3460000.0,37690000,2021-04,2021/09/30
ラクガキキングダム -あなたの未来を描く育成RPG-,5,95810000,12230000.0,41520000,2021-07,2021/11/02
ラストイデア,12,1038020000,59080000.0,279000000,2020-03,2020/05/29
ラストピリオド - 終わりなき螺旋の物語 -,57,4174270000,61560000.0,238000000,2022-09,2022/12/27
ラピスリライツ 〜この世界のアイドルは魔法が使える〜,9,290540000,27530000.0,74180000,2022-08,2022/10/31
ラブプラス EVERY,7,243330000,28550000.0,91280000,2020-05,2020/08/31
ラブライブ！スクールアイドルフェスティバル2,10,998840000,95735000.0,165000000,2024-01,2024/03/31
ラブライブ！スクールアイドルフェスティバルALL STARS,45,10633580000,206000000.0,761000000,2023-05,2023/06/30
リボルバーズエイト - リボハチ,10,353360000,15145000.0,141000000,2019-10,2019/12/26
リンクスリングス,10,311520000,11660000.0,149000000,2020-04,2020/08/31
リーグ・オブ・ワンダーランド,4,17240000,4385000.0,7610000,2020-01,2020/03/31
ルミア サガ-ちび萌え自由大冒険,11,137560000,3020000.0,57040000,2021-11,2022/01/22
ルミナスフォレスト〜選ばれし三人の勇者たち,21,383090000,5060000.0,81190000,2022-01,2022/03/31
レイヤードストーリーズ ゼロ,8,227310000,25255000.0,64120000,2018-08,2019/01/08
レジェンドオブリング,51,2821150000,23950000.0,194000000,2022-09,2022/11/18
レッド：プライドオブエデン,39,3053340000,35640000.0,428000000,2023-09,2023/12/15
ロストディケイド,46,1344610000,10330000.0,235000000,2023-11,2024/08/05
ロックマンX DiVE,33,1981400000,50750000.0,201000000,2023-06,2023/09/27
ロンドン迷宮譚 ： 本格ミステリー×アイテム探しゲーム,12,178320000,17115000.0,30220000,2022-01,2022/03/17
ワイルドアームズ ミリオンメモリーズ,10,114700000,4940000.0,54200000,2019-09,2020/02/27
ワールド オブ ファイナルファンタジー メリメロ,2,46090000,23045000.0,28010000,2018-03,2018/12/13
ワールドウィッチーズ UNITED FRONT,34,826430000,18965000.0,96660000,2023-07,2023/08/31
ワールドエンドヒーローズ,19,456120000,17170000.0,108000000,2020-05,2020/08/20
ワールドフリッパー,50,4717790000,70010000.0,936000000,2023-12,2024/02/20
ヴァンガード ZERO,41,1742790000,40610000.0,89820000,2023-04,2023/06/30
ヴィーナスランブル,8,69250000,8520000.0,16420000,2018-08,2018/09/30
ヴェルヴェットコード -Velvet Code-,12,80680000,3150000.0,24830000,2023-02,2023/06/28
一血卍傑-ONLINE-,32,240220000,4690000.0,33920000,2020-12,2021/01/25
三国ブレイズ：オンライン三国志RPG,46,1353050000,21115000.0,94870000,2021-11,2021/12/23
三国志ヒーローズ,2,1450000,725000.0,1340000,2020-03,2020/12/22
三国志大戦M：超本格戦略型カードRPG,58,1335690000,15760000.0,134000000,2024-08,2024/10/30
三国志群雄 本格三国RPG,16,629020000,29750000.0,138000000,2022-06,2022/09/01
三極ジャスティス,6,110550000,8195000.0,66460000,2018-11,2019/02/28
乙女神楽 〜ザンビへの鎮魂歌〜,18,656310000,21125000.0,154000000,2020-10,2021/01/28
乱闘三国志～放置群英伝～,11,106820000,3680000.0,32280000,2021-12,2022/01/29
仮面ライダー シティウォーズ,38,1353340000,34385000.0,66830000,2021-02,2021/03/29
仮面ライダー バトルラッシュ,13,156770000,9610000.0,40260000,2019-01,2019/06/27
僕のヒーローアカデミア スマッシュタップ,23,376130000,3850000.0,67600000,2020-04,2020/07/13
八月のシンデレラナイン,82,6358320000,67660000.0,220000000,2024-10,2024/12/17
凍京NECRO SUICIDE MISSION,34,1191430000,20440000.0,223000000,2022-05,2022/06/30
刀使ノ巫女 刻みし一閃の燈火,41,3024780000,58110000.0,202000000,2021-07,2021/10/29
劇的采配！プロ野球リバーサル,30,1233810000,32725000.0,141000000,2021-10,2021/12/16
勇者のくせにこなまいきだDASH!,4,152300000,31825000.0,87000000,2018-07,2019/04/24
千銃士,14,734040000,48130000.0,124000000,2019-04,2019/06/11
名探偵コナンランナー,18,328390000,15925000.0,50180000,2020-09,2020/10/30
咲う アルスノトリア,18,547570000,23995000.0,156000000,2022-11,2023/03/31
夢境ワールド~元素使いの大冒険~,7,94470000,4530000.0,50920000,2021-10,2021/11/26
夢職人と忘れじの黒い妖精,32,3435630000,104500000.0,168000000,2024-09,2024/11/19
夢色キャスト,12,397120000,29235000.0,66580000,2018-12,2019/01/15
太鼓の達人 RHYTHM CONNECT,13,404280000,34010000.0,38800000,2024-11,2024/10/31
妖怪ウォッチ メダルウォーズ,4,96380000,2565000.0,91080000,2020-03,2020/12/03
妖怪ウォッチ ワールド,52,1297610000,14570000.0,161000000,2022-09,2022/12/23
宇宙戦艦ヤマト2202 -Hero's Record-,15,50500000,3090000.0,7740000,2020-06,2020/07/31
実況パワフルサッカー,79,18117730000,208000000.0,535000000,2024-07,2024/09/30
少女歌劇 レヴュースタァライト -Re LIVE-,71,5909730000,68740000.0,468000000,2024-08,2024/09/30
幻想神域 -Link of Hearts-,1,3530000,3530000.0,3530000,2018-02,2018/11/08
幻想神域2 -AURA KINGDOM-,33,1115540000,19450000.0,198000000,2023-04,2023/11/23
幽遊白書 100%本気バトル,53,3398560000,43100000.0,344000000,2022-12,2023/02/21
廻らぬ星のステラリウム,12,391400000,36455000.0,51330000,2025-03,2025/03/10
彼女、お借りします ヒロインオールスターズ,13,184760000,6210000.0,59450000,2022-12,2023/01/25
快感フレーズ CLIMAX,13,59010000,3390000.0,11890000,2020-10,2021/05/31
恋愛プリンセス 恋愛ゲーム・乙女ゲーム女性向け,39,115320000,1890000.0,11690000,2022-12,2023/02/28
恋愛幕末カレシ～恋愛ゲーム・乙女ゲーム女性向け～,76,1940010000,27390000.0,66240000,2024-05,2024/07/30
恋愛戦国ロマネスク 女性向け人気恋愛ゲーム,11,189440000,17740000.0,24860000,2022-08,2023/02/28
戦の海賊,49,684340000,11770000.0,38010000,2022-01,2022/03/31
戦刻ナイトブラッド,18,407450000,16305000.0,76010000,2019-10,2019/12/25
戦国BASARA バトルパーティー,17,1094890000,51030000.0,184000000,2020-10,2020/12/21
戦国大河 - 天下統一シミュレーション,56,1144100000,22705000.0,31170000,2023-07,2023/11/29
戦国幻武～本格軍勢バトル～,25,165570000,2030000.0,31310000,2020-05,2020/08/31
戦姫ストライク,5,80410000,7620000.0,38190000,2020-07,2021/03/31
拡張少女系トライナリー,6,26580000,4350000.0,8580000,2018-06,2018/08/31
新発売　おそ松さんのへそくりウォーズ　〜ニートの攻防〜,55,733700000,10620000.0,40640000,2022-07,2022/10/02
明治東亰恋伽～ハヰカラデヱト～,18,214770000,9895000.0,25740000,2020-05,2020/07/31
星鳴エコーズ,5,44540000,6200000.0,20490000,2020-03,2020/09/16
暁のブレイカーズ  ～アクション・バトル～,9,42600000,2240000.0,19510000,2020-04,2020/10/29
最果てのバベル,8,381190000,22355000.0,188000000,2020-01,2020/04/30
月光彫刻師,23,855420000,32580000.0,98080000,2023-03,2023/05/04
東京コンセプション,15,156460000,3690000.0,44660000,2020-07,2020/07/31
東京喰種 ：re invoke,15,446320000,20650000.0,98980000,2019-09,2019/11/26
東方キャノンボール,11,608330000,44200000.0,187000000,2020-08,2020/10/14
機兵とドラゴン,4,97950000,20535000.0,47690000,2024-07,2024/10/15
機動戦士ガンダム 即応戦線,6,42300000,7635000.0,11500000,2018-08,2019/01/10
機動戦士ガンダム 鉄血のオルフェンズG,12,771890000,51135000.0,136000000,2023-10,2024/01/11
機動都市X：スーパーメカシティ,64,1529810000,24810000.0,70870000,2024-11,2025/01/20
欅のキセキ,42,4853990000,100625000.0,309000000,2021-06,2021/08/31
歌マクロス スマホDeカルチャー,54,5090240000,81190000.0,225000000,2022-06,2022/06/28
武器よさらば,7,82700000,13190000.0,22040000,2018-08,2019/03/25
無職転生 ～ゲームになっても本気だす～,16,491010000,28040000.0,88870000,2022-06,2022/08/31
爆走ドリフターズ,32,298820000,5410000.0,48470000,2023-01,2023/06/13
牧場婚活,28,227180000,7380000.0,20670000,2021-09,2022/03/14
真・三國無双 M,14,638470000,41820000.0,98840000,2024-12,2025/02/20
真・三國無双 斬,48,3413090000,32935000.0,424000000,2022-08,2022/10/27
真・北斗無双,49,2596740000,53030000.0,86360000,2024-12,2025/01/27
社長、バトルの時間です！,8,28800000,4070000.0,7160000,2020-07,2020/10/30
禍つヴァールハイト,22,1667880000,48095000.0,294000000,2021-01,2021/03/31
終末のアーカーシャ,6,203580000,14085000.0,117000000,2021-12,2022/02/14
結城友奈は勇者である 花結いのきらめき,58,2128350000,31520000.0,110000000,2022-10,2022/10/28
美少女戦士セーラームーン　セーラームーンドロップス,6,61270000,6630000.0,22560000,2018-09,2019/03/28
聖剣伝説 ECHOES of MANA,11,1180070000,66690000.0,365000000,2023-02,2023/05/15
聖闘士星矢 シャイニングソルジャーズ,9,110130000,5450000.0,46630000,2020-10,2021/01/13
聖闘士星矢 ゾディアック ブレイブ,54,7911220000,154500000.0,270000000,2022-06,2022/07/28
英雄*戦姫WW,14,179450000,12565000.0,23750000,2022-02,2022/03/29
茜さすセカイでキミと詠う,84,3864230000,39885000.0,155000000,2024-12,2025/02/25
荒野のコトブキ飛行隊  大空のテイクオフガールズ！,22,1462250000,61875000.0,169000000,2020-11,2020/12/14
蒼天のスカイガレオン,34,113460000,2425000.0,21600000,2022-09,2023/05/31
蒼空ファンタジー,12,260170000,4080000.0,141000000,2022-03,2022/05/20
蒼藍の誓い - ブルーオース,36,1505750000,25385000.0,268000000,2023-04,2023/08/31
装甲娘,12,330510000,18910000.0,76500000,2021-04,2021/07/06
誰ガ為のアルケミスト,81,12951610000,140000000.0,429000000,2024-09,2024/11/29
超進化物語,7,61630000,3210000.0,44500000,2019-09,2020/06/25
転生したらスライムだった件 ～魔国連邦創世記～,63,2548770000,26750000.0,256000000,2024-02,2024/05/27
週刊少年ジャンプ オレコレクション！,15,337090000,14750000.0,63540000,2020-07,2020/09/30
進撃の巨人 TACTICS,16,974770000,47820000.0,152000000,2020-07,2020/08/31
進撃の巨人 チェインパズルフィーバー,2,3390000,1695000.0,1780000,2018-12,2019/09/25
遊戯王クロスデュエル,7,227920000,28430000.0,81350000,2023-03,2023/09/04
重装出陣,3,1820000,540000.0,760000,2022-06,2022/12/21
野球つく！！,11,166870000,9770000.0,33220000,2018-11,2019/02/25
金色のガッシュベル！！ 永遠の絆の仲間たち,12,1606600000,123785000.0,292000000,2024-12,2025/01/31
金色のコルダ スターライトオーケストラ,38,2588990000,54320000.0,156000000,2024-03,2024/02/29
銀魂 かぶき町大活劇,10,567650000,56070000.0,76830000,2018-10,2019/01/10
鋼の錬金術師 MOBILE,17,3530380000,117000000.0,1200000000,2023-12,2024/03/29
防振り ～らいんうぉーず！～,16,178110000,4315000.0,39810000,2021-04,2021/09/21
青山オペレッタ,7,41150000,4570000.0,21720000,2024-12,2025/01/15
食物語,24,626860000,13160000.0,118000000,2022-11,2023/04/17
鬼灯の冷徹～地獄のパズルも君次第,24,51670000,890000.0,15000000,2021-08,2021/10/28
魔法科高校の劣等生 リローデッド・メモリ,9,596540000,42180000.0,262000000,2023-02,2023/08/14
魔王と100人のお姫様,22,230930000,2700000.0,49550000,2022-03,2022/07/18
魔界ウォーズ,49,1520670000,16970000.0,238000000,2022-02,2022/10/21
黒騎士と白の魔王,55,3632500000,43970000.0,240000000,2022-07,2022/08/31
＃コンパス ライブアリーナ,11,467850000,29290000.0,132000000,2023-05,2023/07/31
＆0,7,192900000,25150000.0,40400000,2022-12,2023/02/01
